{"cameraMode":{"drawMode":0,"name":"Shaded","section":"Shading Mode"},"sceneLighting":true,"audioPlay":false,"sceneViewState":{"showFog":true,"showMaterialUpdate":false,"showSkybox":true,"showFlares":true,"showImageEffects":true,"showParticleSystems":true},"in2DMode":false,"pivot":{"x":-0.02825927734375,"y":5.4676513671875,"z":1.2083740234375},"rotation":{"x":-0.010213762521743775,"y":0.986980140209198,"z":-0.14462760090827943,"w":-0.06969751417636872},"size":4.4367241859436039,"orthographic":true}